nickname,category
InuitAurora,etnonim
Yagodka,frenonim
delete,incognitonim
Persey,incognitonim
[NomadSky],etnonim
Prodazha Odezhdy,titlonim
<<Chypik>>:-),incognitonim
(Keltic Star),etnonim
Demonicheskaya,incognitonim
ZuluRoar,etnonim
Grinya_053,incognitonim
Lyubyaschy Muzh,titlonim
·É¶  ·É¶  ·É¶,incognitonim
I,incognitonim
of,incognitonim
Wilfred,incognitonim
@BOLOBA@,incognitonim
(Celtic_Wolf),etnonim
"""khinata""",incognitonim
Lyublyu Podlykh,incognitonim
*NeF_ArT*,incognitonim
"""TRANE""",incognitonim
~ Ovcharka ~,frenonim
kiska,frenonim
Milaya,frenonim
~yablochko~,incognitonim
Nindzya Oni,etnonim
~Cr1ket~,incognitonim
((=krasotka=)),frenonim
~samaya Samaya~,frenonim
.::LEITO::.,incognitonim
Bolshaya Rybka,frenonim
Kosiak_v3k,incognitonim
‚ô•Sakura no Kokoro‚ô•,etnonim
ZuluStorm,etnonim
‚ô• Ta Samaya ‚ô•,frenonim
Avtoznatok,titlonim
| Doctor Amateur Hour |,incognitonim
ApacheSky,etnonim
Lisenok,frenonim
Step,incognitonim
‚òú‚ù∂‚òûangry-panda,incognitonim
@@Rome's Eagle@@,etnonim
Lyokh@-25,incognitonim
[Celtic Queen],etnonim
MayaGold,etnonim
€©€û€© r1zO,incognitonim
....palych*,incognitonim
I_t.h.e_b.e.s.t..!,frenonim
‚ô°‚ô°‚ô°,incognitonim
‚úñ,incognitonim
_maradona_,incognitonim
l,incognitonim
VIP,incognitonim
@@Norse King@@,etnonim
‚ô•‚ô•‚ô•‚ô•,incognitonim
I LOVE YOU!!!,titlonim
=),incognitonim
<ghost>,incognitonim
Dim@RiK,incognitonim
¬Æ,incognitonim
[Samurai_Heart],etnonim
Tatarskaya Luna,etnonim
[ Rastamanchik ],titlonim
Obozhayu Etu Igru,incognitonim
love,incognitonim
(Keltic Moon),etnonim
Nastoyaschiy!!!,frenonim
[SiberianBear],etnonim
üåº IX „Ç¢„É≥„Éâ„É≠„Ç§„Éâ üåº,incognitonim
-Bedi-,incognitonim
‚ô•,incognitonim
V@$y@,incognitonim
*kisulya*,frenonim
Ghost  Street,incognitonim
NipponSun,etnonim
M,incognitonim
***prekrasnaya Miledi***,frenonim
___samy Iz Samykh___,frenonim
~pan~,incognitonim
*kykolka*,frenonim
Z-17,incognitonim
‚Üí,incognitonim
-VALENTINKA-,incognitonim
R.b.,incognitonim
_‚ô•_Little _Devil _‚ô•_,incognitonim
<$>Cladkaya<$>,frenonim
kapriz,incognitonim
Pereekhala,incognitonim
‚Ä†,incognitonim
Norse_Surfer,etnonim
De,incognitonim
.....detochka.....,frenonim
PersianTiger,etnonim
(Maori Fire),etnonim
#JorDy#,incognitonim
‚ò∫ Stylish‚ò∫,frenonim
Nomad_Boy,etnonim
@@Zulu King@@,etnonim
@@@Greek God@@@,etnonim
[Apachiskiy Volk],etnonim
‚ô•Rassvet Slav‚ô•,etnonim
Kafffetka,frenonim
Indiysky Tigr,etnonim
·É¶‚ô•·É¶magician·É¶‚ô•·É¶,incognitonim
De Klermon,incognitonim
Rastamanchik,etnonim
Ranetochka!!)),incognitonim
@@KazakStyle@@,etnonim
(VikingGirl),etnonim
MizuArashi,incognitonim
Zulu_Svoboda,etnonim
undefined,incognitonim
Tatarsky Orlik,etnonim
Rock Star,titlonim
Separatist,incognitonim
PitBull,incognitonim
MORE VKUSNOGO SOLNCA,incognitonim
‚ô•·É¶love MIB·É¶‚ô•,incognitonim
Greek_Rhythm,etnonim
~*kapitan Dzhek*~,incognitonim
Kotoelf Rastafari,incognitonim
{_pozitivnaya_},frenonim
‚ô•JapanSpirit‚ô•,etnonim
Krasavchk,frenonim
ZuluFire,etnonim
Druid_Forest,etnonim
]:>,incognitonim
Lloyd,incognitonim
ÂüÉËé±Â®ú,incognitonim
ÀôÀôŒáŸ†‚Ä¢‚óè oops ‚óè‚Ä¢Ÿ†ŒáÀôÀô,incognitonim
Indian_Heart,etnonim
Zolotaya Rybka,incognitonim
AztecSky,etnonim
@@Inca Spirit@@,etnonim
Chernaya Revnost V Krovi !!!,incognitonim
‚òÖSeXy‚òÖ,frenonim
*lyublyu Dianochku*,titlonim
Vas Lyublyu,incognitonim
¬§SYMRAC¬§,incognitonim
Zhdu Tolko Tu Edinstv,incognitonim
WEBMONEY,incognitonim
GaulEcho,etnonim
Tatarsky Tuman,etnonim
SEVEN,incognitonim
:|lapa:|,incognitonim
‚ô•Norse Love‚ô•,etnonim
+Assassin+ Vrag Naroda+,incognitonim
Slavic_Lion,etnonim
[Gaelic_Wind],etnonim
MongolShaman,etnonim
SlavicPride,etnonim
Viking-Soul,etnonim
@Shk1per@,titlonim
CheLOVEchek!,incognitonim
Vedmochka,frenonim
‚ô•lyublyu‚ô•,incognitonim
@@@RomanSun@@@,etnonim
...,incognitonim
‚ô•Sparta_Queen‚ô•,etnonim
‚ô•‚ô•,incognitonim
Dezmond,incognitonim
‚ô•Rimskaya_Vesta‚ô•,etnonim
SumerianStar,etnonim
(Tatarskiy Khan),etnonim
ÀôŒá‚Ä¢‚óè €©€û€© 4empion Mia €©€û€©i ‚óè‚Ä¢ŒáÀô,incognitonim
Rimsky Voyn,etnonim
/lyublyu/,incognitonim
Persian_Lion,etnonim
"""Kenny Mc Cormik""",incognitonim
‚ô•,incognitonim
Dolf,incognitonim
hash result,incognitonim
{tolsty Khryak},incognitonim
*Your own dream*,incognitonim
Davno Proshu,incognitonim
‚ô• )ÃÖŒ∂√∏‚àöŒæ‚ô•,incognitonim
"""lyublyu Tebya Dashulya""",titlonim
Dobavlyu Vsekh,titlonim
SlavicStorm,etnonim
*******,incognitonim
@@SlavSun@@,etnonim
Angel,frenonim
Agentstvo,titlonim
Veschi,incognitonim
Lady Marmalade,incognitonim
‚ô•“â‚ô•svobodnaya‚ô•“â‚ô•,titlonim
.sterva.(rolevik),frenonim
____,incognitonim
Joker,incognitonim
Kortes,incognitonim
PloOReD,incognitonim
[mInd],incognitonim
"Ischyu S.p""devochki Dabovlyaemsya""",titlonim
^_^,incognitonim
Angelochek,frenonim
* teddy bear *,incognitonim
Strider,incognitonim
‡πë€©€©‡πë,incognitonim
Lyolka,incognitonim
Shiva - Razrushitel,incognitonim
·É¶ Ego_kroshka·É¶,frenonim
„Äò „Ç¥„É≠„Éº „ÄôÔºö„Äù GENERAL OF THE WATATSUMI ARMY „Äü,incognitonim
100ml Za 1299- 1499rubley,titlonim
bandyk64!,incognitonim
~Dakuenjeru~,incognitonim
[Tatarskaya Dusha],etnonim
‚ôÄ‚ôÇ ‚ô•‚ô•‚ô•‚ì•‚ìö‚ìû‚ìÉ‚ìâ‚í∂‚ìö‚ìâ‚í∫,incognitonim
Nana Blast Êô¥√§,incognitonim
‚ô•‚Ñí‚Ñ¥—µ‚ÑØ‚ô•,incognitonim
@@@tvoy Stilist@@@,titlonim
CelticFrost,etnonim
‚ô† Jolka ‚ô†,incognitonim
‚àöŒπ◊ß,incognitonim
(Viking Girl),etnonim
